{
    "val_acc": {
        "max": [
            0.5450320512820512,
            0.5455250332299513,
            0.5557705597788528,
            0.5364102022495644,
            0.5427581045416946
        ],
        "avg": [
            0.5403311965811965,
            0.5444912125239995,
            0.5510539046302695,
            0.5351560437239267,
            0.541103714499547
        ]
    },
    "val_prec": {
        "max": [
            0.4930235660398501,
            0.5135066426356747,
            0.5079096748903554,
            0.5055465759183077,
            0.48894660710513815
        ],
        "avg": [
            0.49094114158511015,
            0.5129727007956587,
            0.505539149629511,
            0.5021486586313075,
            0.4870625357939393
        ]
    },
    "val_recall": {
        "max": [
            0.5900054565581196,
            0.5911244114703202,
            0.602117567465162,
            0.578141794921717,
            0.6041292909473726
        ],
        "avg": [
            0.5854560839854225,
            0.5899106353594998,
            0.6000947476485591,
            0.577163952041315,
            0.6021579708788918
        ]
    },
    "val_f1": {
        "max": [
            0.5118183602693367,
            0.5151865248653199,
            0.5294929936097166,
            0.519515387449526,
            0.5115676124689422
        ],
        "avg": [
            0.5069058719183092,
            0.5137906485320957,
            0.5262983614431987,
            0.5165530017730791,
            0.509915873418594
        ]
    },
    "nn_val_acc": {
        "max": [
            0.5217731421121251,
            0.4913916786226686,
            0.5393237780227857,
            0.5153346765166779,
            0.5170542635658915
        ],
        "avg": [
            0.5167318557149067,
            0.49091343854615016,
            0.5336273428886439,
            0.5139914931721513,
            0.5146046511627906
        ]
    },
    "nn_val_prec": {
        "max": [
            0.4765938965644194,
            0.4618513803982812,
            0.4781902392208431,
            0.4628122421259799,
            0.4396881001677716
        ],
        "avg": [
            0.4744315582797098,
            0.46106149887972414,
            0.475349063579758,
            0.4605255982139247,
            0.43719275773416655
        ]
    },
    "nn_val_recall": {
        "max": [
            0.5745387931383373,
            0.5199335950711588,
            0.5952510118845472,
            0.5359297221308049,
            0.5853343289431091
        ],
        "avg": [
            0.5689691752152031,
            0.517838546740251,
            0.592219229380221,
            0.5350056149203903,
            0.581033712203458
        ]
    },
    "nn_val_f1": {
        "max": [
            0.4951558253573797,
            0.4566499301799346,
            0.5042458807977086,
            0.47650729821043286,
            0.4600364413701099
        ],
        "avg": [
            0.48967972342890986,
            0.4553728468243657,
            0.5009001573974905,
            0.47409326621930825,
            0.45783703129986086
        ]
    }
}