{
    "val_acc": {
        "max": [
            0.6469795037756203,
            0.6608974358974359,
            0.6397873283119184,
            0.594919997887733,
            0.6215385827391973
        ],
        "avg": [
            0.6104368932038835,
            0.6478205128205128,
            0.6374454079372113,
            0.5920759812611743,
            0.6158401281495779
        ]
    },
    "val_prec": {
        "max": [
            0.6092498585120418,
            0.6758244244085067,
            0.6036139662965192,
            0.5512235645076022,
            0.5791059185922143
        ],
        "avg": [
            0.6025646396012441,
            0.6342704395603047,
            0.6001411386287737,
            0.5499163828712273,
            0.5783282556639057
        ]
    },
    "val_recall": {
        "max": [
            0.7030754157228392,
            0.703286341274721,
            0.6912233314252167,
            0.6570555263588461,
            0.6836544993164615
        ],
        "avg": [
            0.6778120347624441,
            0.6894014610136975,
            0.6870591374888207,
            0.6556694802855877,
            0.6808705885336214
        ]
    },
    "val_f1": {
        "max": [
            0.63587296253614,
            0.650680454502339,
            0.6276928392253451,
            0.5774806374502128,
            0.6089226159978491
        ],
        "avg": [
            0.6024355127600262,
            0.6434277214367918,
            0.6247520870483473,
            0.5753244179318658,
            0.6062844215631026
        ]
    },
    "nn_val_acc": {
        "max": [
            0.5617805065234075,
            0.6204581358609794,
            0.5674318507890961,
            0.5644363709758805,
            0.587906976744186
        ],
        "avg": [
            0.5347275518035303,
            0.6069510268562401,
            0.5606681697069072,
            0.5604428874183641,
            0.5840826873385013
        ]
    },
    "nn_val_prec": {
        "max": [
            0.559636678069788,
            0.6119088528305935,
            0.5210959023218777,
            0.5115505589546134,
            0.5435733913723738
        ],
        "avg": [
            0.543907622963611,
            0.5737689569112908,
            0.5084633961385285,
            0.5098223693983247,
            0.5361732029235146
        ]
    },
    "nn_val_recall": {
        "max": [
            0.6137922140780139,
            0.6423092457341482,
            0.6081370460667389,
            0.6249903430689602,
            0.6620512445826524
        ],
        "avg": [
            0.5935688146960529,
            0.6317786321117982,
            0.602994429498936,
            0.6223313158263644,
            0.6577966381725111
        ]
    },
    "nn_val_f1": {
        "max": [
            0.5586437375408644,
            0.590462708147625,
            0.5385778446050826,
            0.5375718348681208,
            0.5647002708509948
        ],
        "avg": [
            0.5335013482285436,
            0.5830149053171058,
            0.5354865567117648,
            0.5340828041433336,
            0.5565766911765831
        ]
    }
}