{
    "val_acc": {
        "max": [
            0.7046925566343042,
            0.6632698272042534,
            0.6221838286109191,
            0.6307229233775149,
            0.6372158979005003
        ],
        "avg": [
            0.6771170442286947,
            0.5969206911829862,
            0.6078265376641327,
            0.6201879917621588,
            0.6355615078583527
        ]
    },
    "val_prec": {
        "max": [
            0.6816366823725376,
            0.6238606158123426,
            0.5983237046983217,
            0.6053550413602169,
            0.5852891742614392
        ],
        "avg": [
            0.6754343269570768,
            0.6130718760598665,
            0.5738349025487672,
            0.5953326560063393,
            0.5831122015154672
        ]
    },
    "val_recall": {
        "max": [
            0.7396280183372589,
            0.6937075510396358,
            0.6791955929330399,
            0.6933034121752233,
            0.7077162517401161
        ],
        "avg": [
            0.7117688027520473,
            0.650759027224274,
            0.6698362919124198,
            0.6898766490848032,
            0.7066324791465527
        ]
    },
    "val_f1": {
        "max": [
            0.7035576654464493,
            0.6478660571038857,
            0.5981759593880192,
            0.6327152845826919,
            0.617799485041285
        ],
        "avg": [
            0.6776538889213588,
            0.6001777882343082,
            0.5920949559961504,
            0.6221596741475298,
            0.6157955145678768
        ]
    },
    "nn_val_acc": {
        "max": [
            0.6323867996930161,
            0.6238721804511278,
            0.5852627710400587,
            0.6033131855831655,
            0.6277519379844961
        ],
        "avg": [
            0.6008250191864927,
            0.556015037593985,
            0.5668412348401323,
            0.5917282292366242,
            0.6220542635658916
        ]
    },
    "nn_val_prec": {
        "max": [
            0.6282584791182322,
            0.5981865800972737,
            0.5439615434225223,
            0.5714474152625045,
            0.5464233107670625
        ],
        "avg": [
            0.6198241576704184,
            0.5648884595557564,
            0.5183841641341592,
            0.560973113012916,
            0.5429745867951246
        ]
    },
    "nn_val_recall": {
        "max": [
            0.6597486916477151,
            0.6416720907676571,
            0.6326193414904354,
            0.6605175468163604,
            0.6937587331551364
        ],
        "avg": [
            0.6311411154985943,
            0.5962589290101549,
            0.6188461430627652,
            0.6551210705131102,
            0.6910933070636758
        ]
    },
    "nn_val_f1": {
        "max": [
            0.6363698246923188,
            0.5948037038945011,
            0.5431178415738789,
            0.5934215207887414,
            0.5786657814464335
        ],
        "avg": [
            0.608371481746135,
            0.5463473786957036,
            0.5341854050913456,
            0.5828208778403402,
            0.5744528781381131
        ]
    }
}