{
    "val_acc": {
        "max": [
            0.6876602564102564,
            0.6796632698272043,
            0.6627505183137526,
            0.6457728256851666,
            0.6321345570567614
        ],
        "avg": [
            0.6501923076923077,
            0.6657620735489587,
            0.6601474314674038,
            0.6370949287990002,
            0.6277543624689802
        ]
    },
    "val_prec": {
        "max": [
            0.6569834527356004,
            0.6793081447017352,
            0.635577080603136,
            0.6148140446866405,
            0.5894411515370417
        ],
        "avg": [
            0.6471126693016467,
            0.6451971218985617,
            0.6195764336276047,
            0.6026515475992432,
            0.584544843067509
        ]
    },
    "val_recall": {
        "max": [
            0.7192912685788991,
            0.7149607861103702,
            0.7006602141778291,
            0.7044852795208547,
            0.6983631861697497
        ],
        "avg": [
            0.6926532924600608,
            0.699335737968283,
            0.6933833347383338,
            0.7033006522436173,
            0.6965442975282261
        ]
    },
    "val_f1": {
        "max": [
            0.6802880701079106,
            0.6681390346466867,
            0.643597629488581,
            0.6406405591520806,
            0.6192144937887883
        ],
        "avg": [
            0.6483119430740807,
            0.6520707089597233,
            0.6388855270281121,
            0.6304277372983725,
            0.614313850911865
        ]
    },
    "nn_val_acc": {
        "max": [
            0.6297262059973925,
            0.6144189383070301,
            0.6282616685042264,
            0.6046563689276919,
            0.6037209302325581
        ],
        "avg": [
            0.5961929595827902,
            0.605900286944046,
            0.620850177630773,
            0.5967465114543691,
            0.595751937984496
        ]
    },
    "nn_val_prec": {
        "max": [
            0.6014365834431544,
            0.6256190138192027,
            0.5788514911695632,
            0.5589823744491345,
            0.5363356429707855
        ],
        "avg": [
            0.5937525203535375,
            0.5654169818609571,
            0.5558775008232965,
            0.551317945471411,
            0.5291348786260487
        ]
    },
    "nn_val_recall": {
        "max": [
            0.6619387282320025,
            0.6240563086960664,
            0.6399092587376731,
            0.662493569965094,
            0.6648684412892351
        ],
        "avg": [
            0.6391630552791525,
            0.608727044943639,
            0.6317055257922174,
            0.6573825362823416,
            0.6604084384342864
        ]
    },
    "nn_val_f1": {
        "max": [
            0.6225798000887267,
            0.5704290249221964,
            0.5771053268812536,
            0.5841981050028736,
            0.5638814667189347
        ],
        "avg": [
            0.5938047633787716,
            0.5636479656431974,
            0.5731877948392727,
            0.5765409646181096,
            0.5544379278721936
        ]
    }
}