{
    "val_acc": {
        "max": [
            0.6267529665587918,
            0.6089743589743589,
            0.6146433318564466,
            0.5913291440038021,
            0.5791546854689408
        ],
        "avg": [
            0.591626213592233,
            0.5688568376068376,
            0.6091050066459902,
            0.5882311524176657,
            0.5770276125576083
        ]
    },
    "val_prec": {
        "max": [
            0.587429870332014,
            0.5828833736810302,
            0.5785442700491183,
            0.5814769573254785,
            0.5321669955062895
        ],
        "avg": [
            0.5766820499557929,
            0.5684417027259837,
            0.5648761829504589,
            0.5487230679817162,
            0.5314972846690088
        ]
    },
    "val_recall": {
        "max": [
            0.6803599937665127,
            0.6545435679809842,
            0.6439258282425206,
            0.6297309036965786,
            0.6442903288361359
        ],
        "avg": [
            0.6587692593465746,
            0.6224462972141666,
            0.6378594665095312,
            0.6232510199968131,
            0.6419057811878113
        ]
    },
    "val_f1": {
        "max": [
            0.611968887383157,
            0.5884082023097148,
            0.58333105277708,
            0.5796229354290638,
            0.5602100526286704
        ],
        "avg": [
            0.5789206985838237,
            0.5585399372454587,
            0.5798953358599209,
            0.5642303188772685,
            0.5587146352140784
        ]
    },
    "nn_val_acc": {
        "max": [
            0.5848042977743668,
            0.5552922590837283,
            0.5642037302725968,
            0.5720052477545665,
            0.5649612403100776
        ],
        "avg": [
            0.5503645433614736,
            0.5161927330173776,
            0.5574784791965567,
            0.5664547381168635,
            0.5603617571059432
        ]
    },
    "nn_val_prec": {
        "max": [
            0.5671978381483626,
            0.5266557597327292,
            0.5082014885568537,
            0.5481749148217798,
            0.48879581364155306
        ],
        "avg": [
            0.5584773923827241,
            0.5064444192764208,
            0.4973128748062634,
            0.5099172517789207,
            0.48575113380925083
        ]
    },
    "nn_val_recall": {
        "max": [
            0.6254888579829292,
            0.5863807523507621,
            0.5770346258984944,
            0.5925752363157347,
            0.6338641181824782
        ],
        "avg": [
            0.6042809401650717,
            0.5584804925388226,
            0.5693554949952142,
            0.5861580036466575,
            0.6310344190708782
        ]
    },
    "nn_val_f1": {
        "max": [
            0.5827078408952281,
            0.5192549604388321,
            0.5076169121316798,
            0.542252997252846,
            0.5159784037356204
        ],
        "avg": [
            0.5522843447812623,
            0.4921037994065871,
            0.50227507567431,
            0.5243040841810435,
            0.5145207544673598
        ]
    }
}