{
    "val_acc": {
        "max": [
            0.7415943600867679,
            0.714815411897469,
            0.7572318647085002,
            0.7332980692938376,
            0.7703942962933785
        ],
        "avg": [
            0.6298468004338396,
            0.6258463646622603,
            0.6950696166316994,
            0.6969188045490611,
            0.726646511994328
        ]
    },
    "val_prec": {
        "max": [
            0.774446887196816,
            0.8104723175974108,
            0.7604916380339162,
            0.7205135522373398,
            0.7641526881812655
        ],
        "avg": [
            0.7346525080834696,
            0.7375695969293843,
            0.7351106045522213,
            0.6883788675357263,
            0.7372301713990783
        ]
    },
    "val_recall": {
        "max": [
            0.6306458946813419,
            0.6144697054093078,
            0.6617379117886018,
            0.6558981151164822,
            0.6948031233015396
        ],
        "avg": [
            0.5423989201050049,
            0.5144314325463508,
            0.5970798524730904,
            0.5915059901818436,
            0.6274123340250967
        ]
    },
    "val_f1": {
        "max": [
            0.6364355366548089,
            0.6183995083307611,
            0.6719315526159495,
            0.6671954072141048,
            0.7138848543961089
        ],
        "avg": [
            0.5202801262463028,
            0.5056458256481442,
            0.5956217934873237,
            0.6020429438339598,
            0.6410804688578053
        ]
    }
}