{
    "val_acc": {
        "max": [
            0.7268027210884354,
            0.7268308489954634,
            0.74,
            0.7599554441659705,
            0.7488478355063615
        ],
        "avg": [
            0.6526530612244897,
            0.6692725210628646,
            0.7075977653631286,
            0.7000748398774714,
            0.7239630519557254
        ]
    },
    "val_prec": {
        "max": [
            0.768106602550846,
            0.7841641099515245,
            0.7821277455725063,
            0.8008709365682097,
            0.7549024520576622
        ],
        "avg": [
            0.7346615752587871,
            0.730709048524894,
            0.7482486857763899,
            0.7413538928630196,
            0.7280872676370358
        ]
    },
    "val_recall": {
        "max": [
            0.5965287543620023,
            0.6237526081322953,
            0.6489286937746417,
            0.6871764848564873,
            0.6966170895554902
        ],
        "avg": [
            0.5426701129870576,
            0.5479260150292075,
            0.5976483670396265,
            0.5992613298636847,
            0.6413101716746172
        ]
    },
    "val_f1": {
        "max": [
            0.6079412157401307,
            0.6254834277904358,
            0.6656686360778478,
            0.6999350176923139,
            0.697664708825465
        ],
        "avg": [
            0.5408223706878736,
            0.5479677689240048,
            0.6037870000765954,
            0.6144192406688611,
            0.652901322089579
        ]
    }
}