{
    "val_acc": {
        "max": [
            0.7143323539014038,
            0.744976989561118,
            0.7445041524181729,
            0.7807716836734694,
            0.7953283176428881
        ],
        "avg": [
            0.6453640222004571,
            0.7079498260186329,
            0.6988886174890084,
            0.7331792091836735,
            0.7468635522117619
        ]
    },
    "val_prec": {
        "max": [
            0.7760628785112335,
            0.7873216266707642,
            0.789080057648848,
            0.7997949028562892,
            0.805180434829927
        ],
        "avg": [
            0.740998305782443,
            0.7342983846185404,
            0.7428278029387094,
            0.759535173585202,
            0.7695385421569992
        ]
    },
    "val_recall": {
        "max": [
            0.6113966898899067,
            0.658780612592504,
            0.6393454434417851,
            0.6948394414715839,
            0.7188284436699404
        ],
        "avg": [
            0.5346129613974155,
            0.5949962839017832,
            0.569324616221388,
            0.620392759092117,
            0.6599335513542827
        ]
    },
    "val_f1": {
        "max": [
            0.622234785469785,
            0.6514994985875786,
            0.6712000849980955,
            0.7219731887522193,
            0.7473920490237672
        ],
        "avg": [
            0.5300133397869672,
            0.5944592112284318,
            0.5964424975364842,
            0.6469388375016515,
            0.6857739498606534
        ]
    }
}