{
    "val_acc": {
        "max": [
            0.7284256961676316,
            0.7238952536824877,
            0.7414612078715223,
            0.7389994394618834,
            0.7459329578130539
        ],
        "avg": [
            0.6479873173421561,
            0.66458674304419,
            0.6826368468672246,
            0.7046864990390775,
            0.7027317130814984
        ]
    },
    "val_prec": {
        "max": [
            0.7820333019320046,
            0.7710097152250983,
            0.7684847629033186,
            0.7687695406380525,
            0.7578845381176386
        ],
        "avg": [
            0.7019141591481942,
            0.7228010646943737,
            0.7394533205026587,
            0.7160212609211725,
            0.7222942106888417
        ]
    },
    "val_recall": {
        "max": [
            0.6266184222034281,
            0.6068820427235625,
            0.6348654747939046,
            0.6558161835212319,
            0.661396789173295
        ],
        "avg": [
            0.5338401125530026,
            0.5450230204217534,
            0.5686690874560635,
            0.5901312779602852,
            0.600734994593961
        ]
    },
    "val_f1": {
        "max": [
            0.6290740676339203,
            0.6263505168869428,
            0.6436431559520088,
            0.6604450021960457,
            0.6749382692335985
        ],
        "avg": [
            0.5328637203599952,
            0.5497224920359765,
            0.5706271179162262,
            0.5991434789683472,
            0.6134128574361375
        ]
    }
}