{
    "val_acc": {
        "max": [
            0.7138103161397671,
            0.6051702539574081,
            0.7370013368043341,
            0.7885344873644281,
            0.7950525859691968
        ],
        "avg": [
            0.6595951192457016,
            0.5902137190145389,
            0.6736438471821572,
            0.7104837847945717,
            0.7297140268641431
        ]
    },
    "val_prec": {
        "max": [
            0.7556050528012912,
            0.7615021642012573,
            0.7766295880658409,
            0.7858296473774188,
            0.8032037653056248
        ],
        "avg": [
            0.7187420170359682,
            0.6881677623496839,
            0.7191292263180588,
            0.7282855131138445,
            0.7440248520617223
        ]
    },
    "val_recall": {
        "max": [
            0.6047835541472251,
            0.5441787705244197,
            0.6465648339712717,
            0.6920070682633602,
            0.7121611568346208
        ],
        "avg": [
            0.5618061323204687,
            0.49470974273408697,
            0.5501228978304155,
            0.6093687501553142,
            0.6381484173287554
        ]
    },
    "val_f1": {
        "max": [
            0.6069220671706611,
            0.5055229578037344,
            0.6615956259849504,
            0.7201232770359445,
            0.7420468119045427
        ],
        "avg": [
            0.5504600250622614,
            0.47958272062629864,
            0.5602357958168008,
            0.6142326526491264,
            0.654822856937306
        ]
    }
}