{
    "val_acc": {
        "max": [
            0.7464940668824164,
            0.7019230769230769,
            0.7619627824545857,
            0.7534208707671044,
            0.74163942175129
        ],
        "avg": [
            0.6888821467098165,
            0.6361034798534798,
            0.7097917589720869,
            0.7165601243953006,
            0.7173553393469099
        ]
    },
    "val_prec": {
        "max": [
            0.7967370997905493,
            0.750107891923683,
            0.7607475604167296,
            0.7898601122273485,
            0.7304875079148124
        ],
        "avg": [
            0.7642489938649351,
            0.7058150774148485,
            0.7297556951482003,
            0.7359861093281143,
            0.7131742098408262
        ]
    },
    "val_recall": {
        "max": [
            0.6162653840719696,
            0.5845348967036761,
            0.6815738720606259,
            0.6611712308977639,
            0.6614184706351767
        ],
        "avg": [
            0.5644249537543244,
            0.5271490840267135,
            0.6090525504959222,
            0.606159111395081,
            0.6135326229129375
        ]
    },
    "val_f1": {
        "max": [
            0.6233007940374176,
            0.6002216254539727,
            0.6813766117111529,
            0.6867502793655784,
            0.6806973909608672
        ],
        "avg": [
            0.5556814036345318,
            0.5202067222058258,
            0.6056611982973674,
            0.6330085639245805,
            0.6239809533382611
        ]
    },
    "nn_val_acc": {
        "max": [
            0.5433614735226401,
            0.5695102685624013,
            0.5918220946915351,
            0.653436236677692,
            0.693230741046075
        ],
        "avg": [
            0.5124712202609363,
            0.526404874746107,
            0.5609158297465328,
            0.6350606394707827,
            0.6604836493542182
        ]
    },
    "nn_val_prec": {
        "max": [
            0.6671832883709792,
            0.6140474286435988,
            0.5776036528067803,
            0.6306571889001462,
            0.688767324465358
        ],
        "avg": [
            0.5712269901971587,
            0.570890400843382,
            0.5153245393974742,
            0.6026001949834203,
            0.6256176894254474
        ]
    },
    "nn_val_recall": {
        "max": [
            0.4480885639908216,
            0.4570457029733011,
            0.49847804659670325,
            0.5306192391443921,
            0.5731299669300959
        ],
        "avg": [
            0.4253685745179563,
            0.42977632059900805,
            0.4626674502132621,
            0.5024106496344993,
            0.5441025552091581
        ]
    },
    "nn_val_f1": {
        "max": [
            0.42629148707543163,
            0.45030422185445484,
            0.4868186159880706,
            0.547493486304675,
            0.5771663872603638
        ],
        "avg": [
            0.3925579261209952,
            0.40592301768347866,
            0.4415782375595621,
            0.519656751512652,
            0.5471144076370646
        ]
    }
}