{
    "val_acc": {
        "max": [
            0.673397435897436,
            0.7144439521488701,
            0.7502418797512094,
            0.7853936737603633,
            0.7830385630440777
        ],
        "avg": [
            0.6293498168498168,
            0.6816432210899424,
            0.7090272978576364,
            0.7483497914136346,
            0.7478975459881041
        ]
    },
    "val_prec": {
        "max": [
            0.6906216778928582,
            0.7320221839413746,
            0.7424554428988326,
            0.7659121317988223,
            0.7704609617795091
        ],
        "avg": [
            0.6523369893964467,
            0.7121615863774513,
            0.7176597243966983,
            0.7382686497978925,
            0.7477696825229729
        ]
    },
    "val_recall": {
        "max": [
            0.5616419147686897,
            0.6113409706734974,
            0.678477760806161,
            0.6985543807167778,
            0.7180437351345383
        ],
        "avg": [
            0.5202803179105241,
            0.5673310746452617,
            0.6180001269698678,
            0.6513421007061678,
            0.6711297218786498
        ]
    },
    "val_f1": {
        "max": [
            0.5646006188048308,
            0.6269409812957221,
            0.6872475511877714,
            0.7225284226118126,
            0.736939548502223
        ],
        "avg": [
            0.517211926818513,
            0.5773925186184696,
            0.6152905241959925,
            0.6675374214251203,
            0.6819954264328264
        ]
    },
    "nn_val_acc": {
        "max": [
            0.5734028683181226,
            0.5652797704447633,
            0.6387357589121646,
            0.6619655249608238,
            0.6906976744186046
        ],
        "avg": [
            0.5406965915440491,
            0.5476147776183644,
            0.6231394707828005,
            0.6410622341616297,
            0.678236434108527
        ]
    },
    "nn_val_prec": {
        "max": [
            0.5986913614975119,
            0.5618661640264992,
            0.7106373343954372,
            0.6261856629540683,
            0.6814903330367363
        ],
        "avg": [
            0.5344709372839562,
            0.5107850417599795,
            0.6033778411923925,
            0.5864084329140731,
            0.6484633140206663
        ]
    },
    "nn_val_recall": {
        "max": [
            0.47745930192197017,
            0.4509934739910638,
            0.547482130784142,
            0.5508760784726405,
            0.6264908171520934
        ],
        "avg": [
            0.4461608740972629,
            0.4286744666574758,
            0.5114217420094813,
            0.5209008208960967,
            0.5989072883320605
        ]
    },
    "nn_val_f1": {
        "max": [
            0.466517641227322,
            0.4607843921859736,
            0.5492591562143674,
            0.545781871767564,
            0.6282112353792502
        ],
        "avg": [
            0.4332093838209868,
            0.4271964836671971,
            0.5035266996108003,
            0.5262770958597587,
            0.5960681674651954
        ]
    }
}