{
    "val_acc": {
        "max": [
            0.674217907227616,
            0.669551282051282,
            0.6524533517622667,
            0.746580767809051,
            0.7346279591917123
        ],
        "avg": [
            0.6378775620280475,
            0.6208562271062271,
            0.6401520387007602,
            0.7167185932301843,
            0.7122789222830582
        ]
    },
    "val_prec": {
        "max": [
            0.6702229787057716,
            0.6296393822822977,
            0.7393651329909031,
            0.7343388928954491,
            0.7403188348373093
        ],
        "avg": [
            0.6588271459841528,
            0.6176633013153076,
            0.6769865244177787,
            0.7103736200042206,
            0.7167542667655695
        ]
    },
    "val_recall": {
        "max": [
            0.5644615495878393,
            0.5748907114971271,
            0.5527146455500482,
            0.6930724847487623,
            0.7013495922061765
        ],
        "avg": [
            0.5345424247144267,
            0.5345611030573137,
            0.5186604349524642,
            0.6431212924670604,
            0.6611217902396058
        ]
    },
    "val_f1": {
        "max": [
            0.5769245670369204,
            0.5722612411022997,
            0.5804733577093852,
            0.7070572132116284,
            0.7053121094178066
        ],
        "avg": [
            0.538110047051429,
            0.5254899200979366,
            0.5284500355809261,
            0.6538179357310797,
            0.6723296575061843
        ]
    },
    "nn_val_acc": {
        "max": [
            0.513430544896393,
            0.5785939968404423,
            0.6375455650060753,
            0.6480859637340497,
            0.6530232558139535
        ],
        "avg": [
            0.48589792785878744,
            0.5424283457458813,
            0.5986148238153098,
            0.6250839489590329,
            0.6325968992248062
        ]
    },
    "nn_val_prec": {
        "max": [
            0.5944754056007897,
            0.578385435201649,
            0.7219441203615002,
            0.6620216011424864,
            0.6506796568048182
        ],
        "avg": [
            0.5394864774633433,
            0.5544010398683025,
            0.6049957636964248,
            0.5756597778611943,
            0.6033498749106369
        ]
    },
    "nn_val_recall": {
        "max": [
            0.43084396796518654,
            0.4840835729026033,
            0.48500509196768116,
            0.5555243513852126,
            0.6041127098275708
        ],
        "avg": [
            0.412506079766732,
            0.45995751846700733,
            0.4613581579921891,
            0.5332525641845562,
            0.5656613407960943
        ]
    },
    "nn_val_f1": {
        "max": [
            0.421280235629264,
            0.48149299745460195,
            0.5094771171350464,
            0.559318690323783,
            0.5970586346456838
        ],
        "avg": [
            0.399517897573634,
            0.44427989418443986,
            0.46577018848789925,
            0.5337664442594651,
            0.5636117257990574
        ]
    }
}