{
    "val_acc": {
        "max": [
            0.5690399137001079,
            0.5356668143553389,
            0.608154803040774,
            0.6373765643977398,
            0.6573837003190609
        ],
        "avg": [
            0.5462513484358144,
            0.5122476106082663,
            0.5988389771941949,
            0.6258317051275281,
            0.6487009661862934
        ]
    },
    "val_prec": {
        "max": [
            0.7035451557486441,
            0.5857716975168431,
            0.6004966982909606,
            0.6413344776243318,
            0.656713132403794
        ],
        "avg": [
            0.6109094483486411,
            0.5769792859782589,
            0.5882661573147377,
            0.6294359599405563,
            0.6424737983119361
        ]
    },
    "val_recall": {
        "max": [
            0.43726634104641865,
            0.41566613639111905,
            0.5066342708636717,
            0.5312121099747107,
            0.5916984681873487
        ],
        "avg": [
            0.40836222570059394,
            0.3943984314294286,
            0.4627959656646466,
            0.5094793173428882,
            0.5533282742592105
        ]
    },
    "val_f1": {
        "max": [
            0.45784398485131367,
            0.4275266584699935,
            0.5056435586224657,
            0.5539588447713457,
            0.5904730875759285
        ],
        "avg": [
            0.4296375309558678,
            0.4014450530483668,
            0.4854709971215604,
            0.5288494952701961,
            0.5665767177500185
        ]
    },
    "nn_val_acc": {
        "max": [
            0.48119723714504986,
            0.4996240601503759,
            0.5970231532524807,
            0.6113722856503246,
            0.6550387596899225
        ],
        "avg": [
            0.4448708109490918,
            0.47537593984962406,
            0.5864755604557148,
            0.5794716812178196,
            0.6304761904761904
        ]
    },
    "nn_val_prec": {
        "max": [
            0.7293410512806544,
            0.5671747202646833,
            0.5519792605694247,
            0.7377065497233222,
            0.6248118473753647
        ],
        "avg": [
            0.5189254981949201,
            0.49896005648877645,
            0.5200740400428955,
            0.5689993298304805,
            0.6010849314401884
        ]
    },
    "nn_val_recall": {
        "max": [
            0.3743956351413081,
            0.37946794253743554,
            0.4795475631994533,
            0.4720004049835297,
            0.6067548957139259
        ],
        "avg": [
            0.3349233978066582,
            0.35559658665924204,
            0.4087168128712058,
            0.4483738659314135,
            0.5467709425531495
        ]
    },
    "nn_val_f1": {
        "max": [
            0.3793486325853943,
            0.3767982023315972,
            0.4740267415906521,
            0.4805097022491852,
            0.5827269241777271
        ],
        "avg": [
            0.3385934191818021,
            0.3548156200668783,
            0.42552984935874844,
            0.4620086861220057,
            0.5416047709792606
        ]
    }
}