{
    "val_acc": {
        "max": [
            0.564185544768069,
            0.48653846153846153,
            0.4980062029242357,
            0.5624740843123704,
            0.5475243234726435
        ],
        "avg": [
            0.49332524271844663,
            0.4529304029304028,
            0.47569782897651747,
            0.5087767795438839,
            0.5172332296057036
        ]
    },
    "val_prec": {
        "max": [
            0.7796148505575736,
            0.7990928848812867,
            0.7133927540698,
            0.7074298440794025,
            0.7594600661905773
        ],
        "avg": [
            0.6060078994261093,
            0.6298709451206902,
            0.6342693246353905,
            0.6292399821703354,
            0.6769524028827949
        ]
    },
    "val_recall": {
        "max": [
            0.4401976686136083,
            0.3590742531420551,
            0.35563321504304946,
            0.4412728334891362,
            0.4329630827084574
        ],
        "avg": [
            0.39810243080044605,
            0.32888891559875716,
            0.3332380295975645,
            0.3816670382061469,
            0.3857547288762648
        ]
    },
    "val_f1": {
        "max": [
            0.445488167347321,
            0.37729132965041323,
            0.38004713054550415,
            0.47033295062828956,
            0.4588667476497676
        ],
        "avg": [
            0.3891612502852611,
            0.3320915839856942,
            0.3512022023456594,
            0.4030337772526151,
            0.4189771555890237
        ]
    },
    "nn_val_acc": {
        "max": [
            0.4758250191864927,
            0.4372037914691943,
            0.45121951219512196,
            0.5391400220507166,
            0.5119538334707338
        ],
        "avg": [
            0.42018419033000765,
            0.40290002256826896,
            0.4386657101865136,
            0.4963708195516354,
            0.48167994870385633
        ]
    },
    "nn_val_prec": {
        "max": [
            0.7494372437437196,
            0.7788692896045653,
            0.6835347997270583,
            0.6853134930662035,
            0.7757203804888457
        ],
        "avg": [
            0.5202333879268877,
            0.5141505229732014,
            0.5576075179556906,
            0.5608208648642932,
            0.6242047543760005
        ]
    },
    "nn_val_recall": {
        "max": [
            0.38197660369032366,
            0.320295213836444,
            0.28833020474326493,
            0.3958456919151439,
            0.38888120121170533
        ],
        "avg": [
            0.3491313981154891,
            0.29185365224701265,
            0.27429649850519094,
            0.34449782674250445,
            0.3391426392892751
        ]
    },
    "nn_val_f1": {
        "max": [
            0.3772529672618362,
            0.3289615398675002,
            0.29800508006834037,
            0.4137462660415004,
            0.40730358948298606
        ],
        "avg": [
            0.32970065076736155,
            0.28541854997621574,
            0.27934108418171505,
            0.35975273166600563,
            0.3659033047485309
        ]
    }
}